"id","comment","rating"
"41","_Unica coisa que sei sobre DIIC e' que um prof da cadeira encontrou uma ex-aluna e disse-lhe 'Hey, eu dei-te DIIC o ano passado' e nao se apercebeu de como soou._","1"
"42","ESLE é uma cadeira muito interessante. Considero mesmo muito importante, sobretudo se queres seguir investigação em sistemas distribuídos. Não é mais exigente que SEC, o projeto foi interessante (mas sendo aberto, cada grupo ficou com um sistema diferente pelo que o prof dos labs dava um apoio mais geral). O exame é semelhante a SEC na estrutura, mas a matéria em si não é tão complexa a meu ver","4"
"43","Pos Mepp:
Professor Miguel Matos tornava as teóricas super interessantes, a materia também interessante para quem gosta de questões de escalabilidade e avaliar sistemas. Imo importante para qualquer pessoa que goste da área de SD e sistemas informaticos overall.

Projeto era avaliar um sistema a tua escolha com o que aprendemos nas aulas. Por ser livre pode ter a dificulade quer quiseres. Imo o truque é escolher um sistema facil de dar deploy em docker e que quanto mais servidores pior a performance e etc para correr experiencias.

O exame tens mesmo de perceber os conceitos a fundo porque não é muito direto.
Overall das melhores adaptações ao mepp pelo professor que apanhei."
"44","É uma cadeira fixe. A meu ver, a mais interessante da especialização de Engenharia de Software. Usam-se linguagens de especificação formal para modelar software. Faz-se verificação de código contra as especificações. Usa-se a linguagem Dafny, que envolve verificar pré-condições, invariantes e pós-condições e a ferramenta Alloy Analyzer, que usa a linguagem Alloy e tem uma componente gráfica. Pesquisem estas linguagens para verem se gostam. Quem deu todas as aulas da cadeira foi o professor José Fragoso, que é particularmente bom a explicar este tipo de matérias. São feitos muitos exercícios práticos nas aulas e o professor costuma assinalar que tipos de exercícios saem no exame para os alunos saberem exatamente aquilo que têm que saber. Levem caderno e caneta/lápis para as aulas - nesta cadeira fazes código, mas também imensos esboços e rabiscos xD"
"45","A cadeira de ETPN tem potencial para ser muito interessante mas infelizmente fica àquem das expectativas por causa do professor da cadeira que não parece perceber nada do que está a falar, é incompreensível com os alunos e overall não é um bom professor. 

A disciplina é essencialmente um seminário por semana com MAPs em cada semana que foram horríves, 15 minutos sob pressão e tudo escolha múltipla que descontava, havia perguntas que não tinhamos abordado na aula, nem estavam nos slides da disciplina nem no LIVRO da disciplina, perguntas cujas respostas se contradiziam a elas próprias…enfim imensas inconsitências nos MAPs. 

All in all tho, é uma cadeira fácil se fizeres estudo autónomo. Eu recomendo o livro da cadeira, à primeira é uma seca, mas à medida que se vai lendo os tópicos começa-se a perceber que ETPN podia ser uma cadeira interessante mas o professor escolheu abordar os tópicos mais aborrecidos que o livro tem para oferecer e da maneira mais preguiçosa possível. O exame é fácil, escolha múltipla que são essencialmente cálculos de 5º ano. Abordamos no total 11 capítulos de matéria do livro mas na prática o professor só colocou 3 capítulos de matéria no exame. O projeto é feito em grupos de 5, também é fácil, dão-te um study case famoso e tens de fazer o esquema para o funcionamento daquela empresa em BPMN bem como as melhorias que proponhas, desde que seja tudo bem justificado certamente se tira uma boa nota no projeot de ETPN, o professor que avalia os projetos é simpático e está sempre disponível a responder a questões sobre o projeto.

Posso dizer que aprendi bastante em ETPN mas foi mesmo fruto de estudo autónomo, não fui a aulas sem ser na primeira semana e fiz bem a cadeira, para quem quiser créditos também é uma cadeira ótima para fazer."
"46","[Tomás Lopes](https://github.com/tomasbflopes):

Not much to say, é essencialmente o mesmo género de matéria e o mesmo género de trabalho que GSI. Quem fez GSI porque dava pouco trabalho e quer outra cadeira assim só com trabalhos semanais meio ranhosos, força. (também é habitual o tal padrão de GSI de ter notas baixas nos primeiros trabalhos e depois ir subindo) O prof. overall até é simpático mas é tão desorganizado como o Borbinha, e não há aulas - só há um turno teórico de 3h por semana mas normalmente não dura mais que meia hora (é só para dúvidas). Also worth noting que esta cadeira já antes da pandemia era totalmente remota (tanto em termos de aulas como em termos de avaliação) e remote teaching é uma das áreas de pesquisa do prof., por isso tenho tipo 99% de certeza que a cadeira vai continuar a ser remota, mesmo que volte a haver aulas presenciais."
"47","[Tomás Lopes](https://github.com/tomasbflopes):

É uma cadeira velha dada por velhos presa no tempo dos velhos.

Aprendem não sei quantas técnicas sobre gestão de projetos, quais os lifecycle models para gerir projetos, etc. Falam de time management, organization management, cost/resource management, risk management, etc, tudo num contexto mais waterfall based. O projeto envolve gerir um projeto fictício onde aplicam as técnicas todas que aprendem, e até é giro (mas preparem-se para passar a vossa vida a mexer no Microsoft Project). Depois os testes são mais do mesmo, se participarem no projeto ficam já com tudo meio estudado para os testes.

Em vez de terem aulas teóricas e aulas práticas, só têm 1 bloco teórico-prático de 3h por semana (talvez não seja assim para o ano, com o MEPP...). Os turnos são mais pequenos e a primeira 1h30 é para dar matéria, a segunda 1h30 é para avançar o projeto. Se trabalharem rápido, conseguem logo despachar um bom bocado do projeto só nas aulas, por isso em termos de carga de trabalho também é bastante favorável.

Overall, tirando o facto da cadeira estar muito, mas muito presa no passado (só falam de agile/devops tipo 1 semana), a cadeira até nem é má. Mas fica um aviso: este ano, pelo menos, eles tinham turnos disponíveis em português e turnos em inglês - por amor de deus, inscrevam-se num turno em português. Eu tinha a Rosário num turno inglês e enfim, aquilo doía. E pelo que oiço, o inglês do outro prof também não é muito melhor.

(também é noteworthy dizer, though, que a grande maioria das técnicas que vocês aprendem podem ser aplicadas fora do contexto de projetos informáticos; podem ser aplicadas em essencialmente qualquer tipo de projeto)"
"48","é uma cadeira super facil, n posso falar dos conteudos mas é basicamente fazer relatorios semanais. Para o pessoal de segurança o que ouvi é que não ganham muito em termos de conteudo mas lets be real, com o resto das cadeiras é preciso alguma para respirar um pouco lmao. Overall quem precisa de uma cadeira facil e n se importe de fazer um relatoriozinho semanal é commended"
"49","A cadeira é sem dúvida alguma a coisa mais chill de sempre. Começa logo pelo facto de o Borbinha ser o responsável. Ele não quer mesmo saber de nada e quem trabalha são os alunos que auxiliam (e são os responsáveis por corrigir).

Há um relatório semanal, no qual são fornecidos vários documentos (por experiência pessoal ler aquilo é praticamente inútil). Pedem um mind map e umas perguntas de resposta aberta / pesquisa sobre um tema.
Todas as semanas também tens de preencher um form para dar review a outros relatórios. Basta mesmo só preencher e no final são 0.5 extra na nota dos relatórios (2 valores nota final).

O projeto tem 3 entregas e são essencialmente um relatório maior e em grupo. A cada entrega fica mais fácil porque aquilo vai acumulando grupos e no final é suposto serem 16 pessoas.

No fim há um 'teste' que é basicamente mais um relatório. São 3 horas para o fazer, e aquilo faz-se bastante bem depois de tantos que já foram feitos antes.

Overall a cadeira faz-se bastante bem. Na primeira semana passei os dias todos a ler e a tentar ao máximo ter o relatório bem. Acabou por ser a minha pior nota dos relatórios. A partir daí comecei a fazer as coisas mais nas calmas e funcionou. Os alunos que corrigem são bastante chill e só querem saber da quantidade de texto que escreves e da quantidade de bold que o teu texto tem.
É a dica mais importante .. usem bold."
"50","Pos Mepp:
A adpatação foi um shitshow no sentido em que o professor alterou muita coisa em relacao ao pre mepp. 6 horas de aulas semanais . 6 essays + um final essay. 6 entregas de projeto. 6 reviews

Depende do teu objetivo a fazer a cadeira. Eu só queria os creditos não fui a uma unica aula e Fiz os essays sem ler um unico texto apenas juntava as palavras e mandava pão tive sempre de 4 para cima (de 0 a 5) nas entregas. Se o objetivo for aprender alguma coisa por essay era cerca de 600 paginas para ler. Demorei cerca de meia hora para cada essay e meia hora para cada pergunta do final essay(4 perguntas).
As reviews era um for para dar rank mandei smp random demorava 5 minutos.

O projeto há entregas que dão mais trabalho que outras. Os grupos são random de 5 ou 10 pessoas. No meu caso todos trabalharam por isso cada pessoa fez o minimo e não deu muito trabalho overall (mas se calhares em grupo q ning trabalha fudeu).

Não tem exame.

TDLR: Não aprendi nada mas também não tinha interesse e passei facilmente. Se objetivo for aprender não me parece muito util a forma como o borbinha dá a cadeira."
"51","Mepp: Fiz IE este ano, primeiro ano de Mepp, e posso dizer que a cadeira é muito interessante para quem gosta de desafios. O objetivo da cadeira é exatamente o que diz o nome, integrar aplicações. Vão aprender técnicas de integração muito uteis e usadas nos dias de hoje, como MOM (Message oriented middleware), kafka (usado no projeto), como escrever e ler para/de tópicos e como fazer o processamento dos dados dos tópicos com kafka streams. Não achei que fosse preciso conhecimento teorico prévio, mas programação Java é fundamental. Programámos na framework `Quarkus`. O projeto foi uma desorganização total. Era sobre a implementação de um serviço Atonomous Vehicle as a Service, que basicamente era uma aplicação que recebe montes de informação de outras, e interage com apis externas. O projeto foi divido em 3 sprints que tinham como objetivo implementar os casos de uso que eles pedem. E pedem coisas como implementação CRUD numa base de dados AWS RDS, criação de um kafka cluster, criação e processamento de tópicos e interação com serviços (API's) externas. O exame achei acessivel e dos poucos exames do tecnico como pouca matéria para estudar, O projeto é que foi terrivel, não que fosse dificil, mas sim porque o enunciado não era nada nada explicito e o stor não esclarecia muito, e acreditem que o chateiei muito. Quem está indeciso entre fazer ou nao a cadeira, e acha que deve, então força, recomendo e não me arrependo. Se se sentirem perdidos como eu a meio do semestre no projeto e  eventualmente precisarem de ajuda ou alguma 'luz' tenho num repositório o projeto AVaaS (Autonomous-Vehicle-As-A-Service) deste ano no meu github."
"52","A cadeira é extremamente introdutória. Aprendes a mexer com ROS (quase tudo auto aprendizagem btw) e os projetos são basicamente só usar packages já existentes para pôr o robot a fazer merdas (localizar-se, pathfinding, etc.). Em termos teoricos aprendes os básicos necessários para fazer os projetos. Aprendemos algoritmos de mapeamento e localização, markov chains, MDPs e tal. Tudo cenas que podes aprender melhor noutras cadeiras de Sistemas Inteligentes"
"53","As teóricas falam sobre robôs por alto, ex: 'eis uns robots fixes a andar, eis o que são sensores...' e coisas que já sabes tipo path finding algorithms. Só os uns 15-20% das teoricas é que houve matéria nova útil.
Há 3 mini-projetos. São pequenos e razoavelmente fixes, cada grupo (de 2) tem um robot onde tens que fazê-lo andar e localizar-se no espaço, construir um mapa da sala, etc. Basicamente fazes o msm que um Roomba.  Em cada projeto tens que fazer um relatorio sobre a experiencia. Embora os projetos sejam fáceis, eles dão muito pouca introduçao ao ROS - o sistema que controla os robots. Isso faz com que o setup inicial de te ligares ao robot seja a cena mais dificil, depois disso os projetos tornam-se subsequentemente mais fáceis. É encontrar a package que queres e corrê-la.
Como cada projeto demorava 2 semanas, tens 2 laboratorios a apresentar o progresso no projeto. Rinse and repeat, recebes o enunciado do proximo projeto com antencedencia
A avaliação é 100% os mini-projetos, cada um nao demora muito a fazer mas é facil ficar preso numa cena.
O Prof é bacano e explica bem. O apoio ao projeto é dado por um aluno de PhD que tambem é super prestável mas qualquer um deles pode demorar um bocado a responder-te aos emails por isso tenta perguntar as cenas logo nos labs.

PS: o setup do ROS pode ser mt lixado pq é preciso versões especificas do ROS para os robots. no nosso caso era necessário o Ubuntu 16. WSL nao conta."
"54","Cadeira Fácil. Tens a cadeira dividida em três partes. A primeira e a última são dados pela Professora Luísa que é fixe. A segunda é dado pelo Mamede que é dos piores setores de sempre. O teste é relativamente fácil e os projetos são muito faceis mesmo.
A matéria em si, aprendes cenas interessantes, mas tem muita interceção com outras cadeiras de SI na minha opinião.
Em relação a segunda parte da cadeira é uns automatos chamados Transducers, algoritmos de Parsing e uns algoritmos usados para completar frases se não me engano. É fácil, mas é chato quando explicado pelo Mamede. Lembro-me que o que perdi mais tempo a estudar po exame foi perceber o que é que o Mamede tinha andado a dar."
"55","-- 24-25 --
Recomendo a cadeira 100%. Mesmo que a área não seja totalmente do teu agrado. Se estás à procura de uma cadeira para fazer, esta é uma boa opção.
A prof Luísa é muito boa, preocupada com os alunos e gosta realmente do que está a fazer! As aulas teóricas passaram a ser dadas só pela Luísa. A avaliação são 2 MAPS (a matéria das teóricas é dividida em 2) e um projeto principal e um projeto de concepts (que é um vídeo de 2 min no máximo, logo nas primeiras duas semanas). O projeto foi fazer a classificação de género de filmes com base no plot do filme. O importante não era a accuracy em si mas sim todo o processo de tentativas usadas e aplicação de técnicas que foram dadas tanto nos labs como nas teóricas.

As teóricas são bastante uteis e os labs ajudam a consolidar os temas que foram dados nas teóricas - exercícios e apoio ao projeto.

Acho que a avaliação é bastante justa, adequada e muito boa!
Além disso, existe um ponto bónus por ires às teóricas - há quase sempre um MiniMAP no fim das teóricas mas podes falar com os outros alunos e ver os slides, mesmo!"
"56","Não sei se já fizeram review aqui mas em LP essencialmente falamos da modelação de linguagens de diferentes perspectivas e depois aprendemos a mexer em Coq para provar formalmente propriedades daquilo que modulamos. Coq é meio estranho ao inicio mas pelo menos eu gostei. As aulas teóricas são na verdade bastante práticas e o professor é mesmo excelente a explicar as coisas (vai sempre com muita calma e passo a passo). Nos laboratórios fazíamos exercícios sobre as teóricas que realmente ajudavam a acompanhar ou  então serviam de apoio ao projeto. Este ano acho que foi a primeira vez que os projetos contaram 50% mas acho que a intenção é manter. São projetos que podem demorar algum tempo, mas não são complexos tipo SIRS, CMU, CPD... Tem ainda a vantagem que o professor ouve realmente os alunos :exploding_head: Recomendo vivamente"
"57","Oi Pessoal, LP depende muito do método. Normalmente é com testes teóricos, mas o ano passado foi online e tínhamos uns exercícios práticos de programação. Estes exercícios não eram nada difíceis mas para ter a nota máxima tinham mesmo de ir aos HD e requeria esforço (mais esforço do que tempo)
Depois a outra parte da avaliação era teórica, esta era com a plataforma de quizzes do Rito :/ por isso aquilo era um bocado mauzito, eram escolhas múltiplas e mais uma vez não era preciso estudar muito porque a matéria não era muita e bastava fazer uns resumos da teórica. Mas por termos pouco tempo e pelas perguntas terem rasteira às vezes era uma questão de sorte
Há um projeto opcional que quase ninguém faz e que se fizerem dava 10% acho
Assim em geral o mais complicado era que se uma pessoa faltasse às aulas não percebia nada porque verificação formal e aqueles temas são um bocado esotéricos para estudar sozinhos (mas o prof publicava todos os vídeos das aulas). E o stor é 5 estrelas, muito pronto a ajudar"
"58","Pos Mepp:
Gostei imenso das aulas teóricas o professor é super cativante e foi super aento à transição mudando o rumo da cadeira a meio e tudo. Teve muito precalços de covid e feriados e etc mas overall não deu muito trabalho.

Teoricas são super importantes e super praticas. Labs é mais individual e apoio ao projeto.

Exame é mesmo toda a materia e ter de fazer exercicios à mão, ainda me deu trabalho a estudar mas pequenos typos e isso o stor não desconta desde que ele perceba que tu sabes o que estás a fazer

Projetos são bastante guiados e o professor ajuda imenso. É fácil de ficar preso mas nos labs de projeto o professor ajuda nisso."
"59","Para o pessoal de jogos, MDJ é um must mas acho que isso não tenho de falar muito, chama-se literalmente 'Metodologia de Desenvolvimento de Jogos', acho q é a continuação direta de Design de Jogos.Professores sao os mesmo, Rui Prada e o Carlos Martinho, ambos super cool. Acabam por literalmente desenvolver um jogo e no fim têm a 'Montra de Jogos' que seria literalmente como uma gaming conference para o pessoal exprimentar o jogo e obterem feedback, embora com covid n sei como isso vai ser mas em anos passados ajudei a montar e o evento e assim e acho super cool, mas tmb acho q quem for de jogos nao precisa de mt razao para se andar a dizer que deviam fazer esta cadeira :stuck_out_tongue:"
"60","A cadeira mudou um pouco por causa da pandemia. Antes da pandemia além da parte pratica havia 2 mini testes, que foram substituídos por o professor fazer-nos algumas perguntas teóricas durante a discussão dos 2 primeiros Assignments. Como para o ano há a probabilidade disto voltar a ser tudo presencial, possivelmente os metodos de avaliação da cadeira voltam a ser diferentes.
Basicamente em P3D neste semestre tivemos 3 projetos, feitos em grupos de 3, relativamente longos, onde as aulas praticas até à semana da entrega eram de feedback sobre determinadas partes da entrega. A primeira entrega é para ser feita em C++, tínhamos de implementar umas quantas cenas de Computação Gráfica como Ray-Tracing, Anti-Aliasing, Soft Shadows, estruturas de aceleração do código, etc...
A segunda entrega é para ser feita em GLSL, que é uma linguagem feita para correr na GPU, acelerando o tempo de execução do programa. É basicamente implementar o Ray-Tracing que fizemos na primeira entrega mas em GLSL. A terceira entrega era para desenvolvermos um jogo em Unity onde esse jogo tinha de incluir diversas mecânicas e componentes presentes no enunciado. A cadeira overall é parecida com AVT, achei ambas bastante mais puxadas que a cadeira de CG que tivemos na licenciatura, mas por outro lado são muito mais praticas (não há exame), mas como disse no inicio, P3D para o ano é capaz de voltar a ter 2 mini testes, como havia antes da pandemia, caso isto volte a ser 100% presencial."
"61","A cadeira de PADI divide-se em dois grande tópicos: planeamento e aprendizagem, tendo sempre um foco em 'increteza' meaning probabilidades. O grande objetivo da cadeira é chegar a reinforcement learning, que é utilizado quando existe um contexto de um agente a aprender através de experiências (self-driving cars, robots, etc), e é com este objetivo que todos os conteúdos da cadeira são apresentados. Na primeira parte, introduzem-se cadeias de markov, que são uma forma de modelar sistemas probabilisticos (sistemas onde existem varios estados, e com alguma probabilidade, se passa de um estado para outro) e depois acrescenta-se um agente, que pode tomar acoes, interagindo com o sistema. Na segunda parte, é feita uma revisão a aprendizagem supervisionada, de modo a relembrar conceitos básicos, e depois passa-se a reinforcement learning (que junta tudo o que foi dado anteriormente) onde temos um agente que pode tomar acoes no contexto de um ambiente, e recebe rewards pelas suas acoes, aprendendo a navegar no ambiente. Em termos de organização: a cadeira está bem estruturada, a teoria avança a um bom ritmo, embora as aulas não sejam muito 'engaging'. Nas aulas práticas, existem trabalhos a entregar em grupos de dois, onde se trabalha com 'toy' problems. A cadeira exige alguma matemática, principalmente matrizes e probabilidades, e algum calculo de gradientes na parte de aprendizagem supervisionada. Recomendação final: É uma cadeira interessante, principalmente para quem está na área de sistemas inteligentes. A única crítica é que não se lida com um problema 'a sério' pelo que parece que existe ali alguma falta na capacidade de aplicar o conhecimento na realidade."
"62","23/24

PADI foi dado pelo professor Francisco Melo, que é hands down um dos melhores professores que já tive no Técnico. A maneira como leciona é super cativante e faz sempre questão de explicar os conceitos de várias formas e com exemplos fáceis de compreender, e de rever a matéria no início das aulas. As aulas práticas consistiam em implementar código em notebooks em grupos de 2, e ajudavam a pôr os conceitos em prática, apesar de por vezes serem um bocado atirar barro (código do copilot) até à parede até que funcionasse. Havia ainda homeworks, em que se resolviam alguns exercícios mais teóricos, que exigiam alguma matemática mas nada por aí além.

O exame tem algumas escolhas múltiplas, exercícios de aplicação e uma pergunta de seleção no fim. Há imensos exames de anos anteriores para praticar, e para além disso os slides e o livro da cadeira (escrito pelo professor) são muito completos."
"63","É interessante, podes ver vídeos das aulas na página da cadeira, está pinned no #pava
Projetos fazem-se em 2/3 dias cada um, por isso tem carga de trabalho mínima e aprendes cenas bastante interessantes sobre Lisp e companhia.
O prof é bastante fixe, trabalhou na SISCOG no tempo do Lisp, por isso usou mesmo aquilo em produção."
"64","Sim, este ano foi só projetos mas costumava haver testes acho eu. Os projetos foram a melhor parte da cadeira imo, a matéria é interessante mas as aulas eram meio lentas (na minha opinião) e isso dificultava um pouco tomar atenção
Mas os projetos são mesmo coisas bastante engraçadas, já houve anos em que era para fazer REPLs para Java, debuggers, etc. Este ano foi implementar despacho dinâmico em Java e o segundo fazer uns wrappers engraçados em Julia, é aquele tipo de projetos que podem ser tão complicados como quiseres, basicamente. Consegues ter uma base boa rapidamente mas são temas que consegues aprofundar muito se estiveres a gostar"
"65","Pos mepp:
Não tem exame.

Tinha high hopes para a cadeira e fiquei desapontada porque o stor não deu metade da materia porque não estava minimanete pronto para o ritmo de mepp.

Projetos simples e interessantes. único problema é que os enunciados são bastante genéricos então perguntas se x vai ser avaliado, o professor diz que não nos labs e dpois desconta-te 4 valores por isso. E também não diz quanto vale a apresentação mas se não gostar somehow a tua nota desce tipo 4 valores.

Em resumo as notas são um bocado o que lhe apetecer avaliar depois de tu entregares e não o que enunciado pede.
Mas interessante overall."
"66","Para o pessoal de visualização, PCM é bastante giro. A cadeira é basicamente fazerem varias cenas de, well, produção de conteudos Multimedia. Isto quer dizer fazer videos, posters, podcasts, todas umas varias cenas. A cena fixe é q a cadeira esta toda gamificada e aquilo funciona por tipo uma arvore como se fosse uma skill tree. Voces vão fazendo projetos bases e a medida que os fazem vao desbloqueando outros, achei o conceito super cool e é daquelas que voces decidem o que querem fazer, embora algumas coisas tenham 'dependecias'. Outra cena fixe é que se n me engano podem resubmeter para melhorar notas, so thats cool. Overall para o pessoal de visualização ou pessoal q tenha interesse é cool"
"67","24/25
Cadeira super gira, mas bastante trabalhosa, para alguém que nunca teve nenhuma experiência com multimédia. Os professores são quase todos muito fixes e prestáveis. É super fácil de passar, mas para ter boa nota ainda é preciso pôr umas valentes horas. As componentes principais do jogo são a skill tree, onde fazem mini-projetos de variados tipos de multimédia à vossa escolha (por exemplo, eu escolhi mais cenas de áudio); os quizzes da aula teórica - super tranquilos; e a apresentação de multimédia no final do período, onde escolhem um tema livre e apresentam-no, usando também alguns tipos de multimédia. Aconselho começar logo a fazer os desafios na primeira semana e pensar num caminho que gostem. Olhem bastante para a training page dos desafios. Overall é uma cadeira muito diferente do comum e dou-lhe um 7/10, pela questão do trabalho e porque os labs não têm rigorosamente nada a ver nem com as teóricas, nem com o projeto, e apesar de serem extremamente fáceis, são obrigatórios."
"68","Estou a fazer neste momento. Gostei bastante, estava com medo de fazer a cadeira porque há pouca gente de informática a fazer e ainda não fiz LN, mas fez-se bem. Há uma parte inicial que é preciso uma revisão de transformadas de fourier e outras coisas para a análise de sinais, mas a professora tem em conta que nem todos os alunos são de eletro e não há grande problema nisso, mas é importante entender essa parte. Os labs fazem-se bem, há 5 ao todo, e só um é que custou mais, acho que foi o lab 2 que foi muito longo e era em matlab. De resto são em python, são fáceis e mais interessantes. Aprendes alfabeto fonético, num dos labs fizemos classificação da idade (no ano passado detetaram sonolência), síntese de palavras a partir de concatenação de áudio e ngramas, são algumas coisas que aprendes. Quanto ao exame não tenho muito a dizer porque ainda não fiz, mas não parece terrível. Em geral a cadeira é bastante interessante e diria de dificuldade média. Uma coisa que achei estranho é que por alguma razão dos 5 labs são escolhidos apenas 3 aleatoriamente e só esses é que ela avalia. Para futuros alunos, esta cadeira é dada há anos pela mesma professora e penso que este é o último ano em que ela vai dar a cadeira e a meio do semestre ela disse que ainda não havia ninguém para a substituir para o ano. Por isso se quiserem mesmo fazer e se eventualmente houver alguém para dar a cadeira, vejam quem é a dar porque sinto que esta cadeira correu bem por a professora explicar bem e por estar bem organizada. Pode ser que a professora reconsidere e dê a cadeira para o ano."
"69","23/24

Esta cadeira na prática foram três mini-cadeiras. Uma sobre processamento de sinal e técnicas históricas de síntese e modelação de fala, dada pelo professor Luís Caldas de Oliveira, uma sobre técnicas de classificação de fala, tanto históricas como mais recentes, dada pelo professor Alberto Abad, e outra sobre sistemas modernos de processamento de fala e chatbots de diálogo, dada pelo professor Bruno Martins. A parte de processamento de sinal por vezes é um pouco mais chata para quem não teve eletro, mas percebe-se bem se uma pessoa se abstrair da matemática um pouco. As outras partes são bastante interessantes, embora pareça ser um bocado daquelas cadeiras em que se cobre muita coisa por ter um programa que não foi encurtado pós-MEPP, e por isso tem muitos assuntos, com muita matéria por aula. As aulas também têm quizzes feitos no moodle, que por vezes são difíceis, mas só podem beneficiar a nota final.

Nos laboratórios trabalha-se nas três entregas do projeto (uma por 'mini-cadeira'). No primeiro mexe-se com processamento de sinal e um pouco de síntese de fala, no segundo faz-se classificação num dataset, e o terceiro é mais aberto, e consiste em construir um sistema de diálogo (podem fazer o que quiserem, desde que justifiquem). Faziam-se bem e davam para pôr os conhecimentos em prática. Dá para fazer a maior parte dos projeto nas aulas, por isso leva-se só um pouco de trabalho para casa.

O exame é um pouco mais chato, porque é 95% escolhas múltiplas, nem sempre muito fáceis, e 3 perguntas de resposta extensa, também não particularmente fáceis (e as notas foram bastante baixas este ano, por isso não é aquela cadeira 'fácil' para subir a média imo). No entanto, os professores disponibilizam imensos materiais de estudo e prática, como mock quizzes no moodle, slides, capítulos de livros etc. Destaco o site learnius.com em que o professor LCO tem literalmente um Zettelkasten de obsidian com os conceitos todos da cadeira, que foi super útil e algo que se todos os professores tivessem teríamos um mundo melhor. Os professores eram todos sempre prestáveis e esclareciam as dúvidas de forma clara.

No geral, é uma cadeira underrated, e recomendo (não se deixem intimidar pelas coisas de processamento de sinal)."
"70","Adding to this. Fiz (=inscrevi me em) PIV no primeiro semestre deste ano, tinha grande expectativa para esta cadeira porque curto bué de cenas visuais portanto estava a espera que fosse aprender merdas nesse sentido - principalmente mais viradas para detecção de merdas pelas câmeras etc. Etc. Quando me apercebi estávamos a aprender merdas sobre pin-hole câmeras e posições de câmera - nada do que tinha em mente e interesse. A abordagem ao processamento de imagem  pareceu-me demasiado à moda antiga quando hoje em dia grande parte é feito com deep learning (correct me if I'm wrong)
Para além das merdas sobre a matéria em si achei que a parte prática e parte teórica estavam super mal organizadas e não estavam de todo em sintonia. com base no feedback que já vi de pessoal se fosse me inscrever numa cadeira para a parte visual escolheria CVI"
"71","PIV é em grande parte para eletro, é mais sobre como é que a câmara está no mundo real, o projeto era construir um modelo 3D a partir de um vídeo (ligar frame a frame, perceber a rotação da câmara e aplicar a matemática). Tem alguma matemática, nada difícil mas é a matemática chata de CG, de matrizes de rotações e de homografias. Avaliacao era 50/50 projeto exame."
"72","Pos-MEPP:

A cadeira está dividida em 2 partes:
- a parte de procura em que se dá CSPs (Constraint Satisfaction Problems) e alguns algoritmos relacionados com CSPs (esta parte é pretty much uma extensão da matéria dada em IA sobre CSPs - (IA antes do MEPP))
- a parte de planeamento em que se discute como se declara um problema para ser resolvido por um planner e se vêm alguns algoritmos para determinar as ações que um agente faz.

Nas teóricas dá-se a parte de procura durante metade do período e a parte do planeamento na metade final do período.

Nas primeiras 3/4 semanas as práticas era fazer exercícios de fichas de problemas que os professores disponibilizavam semanalmente. 

Depois disso saiu o projeto que era sobre a parte de planeamento. Consistia em especificar um problema de otimização para PDDL de modo a ser resolvido por um planner (o Fast Downward) para dar a solução ótima. O projeto foi um shitshow porque ninguém conseguiu fazer uma solução eficiente e as soluções que os professores das práticas propuseram (que foram variando ao longo do tempo) também não eram eficientes (era suposto cada instância correr em menos de 1 minuto e mesmo com a última solução proposta pelos stores o meu grupo teve que correr as instâncias médias com um algoritmo que não dava a solução ótima). 

No final, a Lynce percebeu que ninguém estava a conseguir ter tempos de menos de 1 minuto, então ela acabou por normalizar as notas e no geral as notas do projeto foram boas (apesar de ter sido um pouco pain fazer o projeto, à procura da solução).

Apesar do projeto ter sido um pouco painful, para o ano(2022/2023) acredito que seja melhor porque a Lynce percebeu que o projeto foi um pouco puxado e que não houve muito tempo para o fazer. Acho que ela está a pensar fazer o projeto sobre procura (que é mais fácil).

O exame foi bastante fácil. Não havia exames de anos anteriores, mas os exercícios do exame eram bastante semelhantes aos das fichas portanto quem fizesse as fichas tinha boa nota no exame. Além disso, o exame tinha 5 grupos, mas só contava os 4 melhores (portanto podias fazer o exame todo e contava só os 4 melhores ou fazias apenas 4 grupos)."
"73","23/24

A matéria da cadeira está bem descrita acima. Diria que é interessante para quem gosta da área mais clássica de IA, mas não terá a maior aplicabilidade para quem não está dentro da área. Nas aulas, a Lynce limita-se essencialmente a ler os slides, que são razoáveis e têm alguns exemplos, mas esclarece bem as dúvidas que colocares. Nas práticas resolves exercícios práticos estilo exame. Cuidado que a Lynce é pouco simpática a disponibilizar materiais, por isso não contes com resoluções dos exercícios ou mais do que 2 exames resolvidos. 

No projeto tinhas que usar uma linguagem chamada MiniZinc em que modelas constraints e ele dá-te as soluções que verificam essas constraints. Para além do enunciado, havia um paper e um capítulo de um livro que dava indicações sobre como modelar o problema. Depois tens uma parte chata de processamento em python que a meu ver era só completamente desnecessária porque não tem nada a ver com a cadeira. Tínhamos que aplicar lógica em python a processar json, e como a avaliação era automática o formato tinha que ser exatamente como eles queriam (e estava mal especificado e ambíguo em muitos pontos). O meu conselho é fazer isso com alguma antecedência porque a avaliação automática é corrida por eles quando lhes apetece, *a la* dailies para quem teve Compiladores e PO em LEIC, para não vos acontecer ter a lógica toda bem e ter o resultado mal formatado. 

O exame era basicamente exercícios do mesmo estilo das aulas práticas. Aprendes os algoritmos, aplicas e a coisa corre bem, sem perguntas teóricas muito  ou escolhas múltiplas.

No geral, é uma cadeira que se faz bem e não dá demasiado trabalho, mas aconselho alguma precaução com a indisponibilidade da Lynce a nível de recursos e de responder a emails, etc."
"74","[Tomás Lopes](https://github.com/tomasbflopes):

Não gostei. Houve vários fatores que se juntaram todos e fizeram com que PRI tivesse sido mesmo uma escolha horrível:
- O prof mudou este ano (passou a ser o Rui Henriques, o que tipicamente até seria uma coisa boa, mas information retrieval não é a área dele, e PRI é uma cadeira com muito, mas muito mais teoria para dar do que AASMA, por exemplo. O estilo de aulas dele não se adequa nada a uma cadeira como PRI, e as aulas acabavam por ser muito chatas)
- Dá jeito já ter experiência com AI/data science stuff, porque fartam-se de usar numpy/scikitlearn na segunda metade do projeto para cenas de clustering, classification etc. Eu não tinha na altura, por isso acabei por me lixar um bocado e isso fez com que o projeto demorasse imenso e fosse muito trabalhoso. É definitivamente uma cadeira melhor de se fazer no 2º ano comparado com o 1º
- Muita matéria, é preciso muito estudo para o exame. Os exames costumavam ser muito fáceis, mas com o Rui Henriques, o exame foi horrível. 2h30 para fazer, e ele teve que dar mais 20 mins porque ninguém tinha acabado, e ele ainda deu bónus de 1v a toda a gente que foi ao exame pelo simples facto de terem ido ao exame, e ainda deixou passar gente que tinha tido 8.5 no exame quando a nota mínima era suposto ser 9.5. Um shitshow autêntico.

Essencialmente a cadeira fala de tudo e mais alguma coisa sobre information retrieval, desde text processing, aos básicos de information retrieval tipo TF-IDF a retrieval models mais avançados tipo BM25, a clustering/classification to aid retrieval, dimensionality reduction, feature extraction, a web crawling, pagerank, etc. De tudo um pouco. Quem achar isso interessante e já tiver tido tipo CD, Aprendizagem, ou cadeiras desse género, força, isto assumindo que é o Bruno a dar a cadeira para o ano"
"75","A matéria é bastante interessante. Ao longo do semestre são leccionados vários modelos de representação do conhecimento, começando pelo mais básico FOL (First Order Logic), já leccionado antes na disciplina Lógica para Programação (LP).

Basicamente é só isso. Dás modelo atrás de modelo sendo que cada um leccionado resolve prolemas que os anteriormente falados não conseguiam resolver.

Quanto à forma como é leccionado. A cadeira envolve dois testes (o primeiro bem mais teórico que o segundo) e um bónus de um trabalho facultativo. Caso decidas fazer o trabalho podes fazer em grupo de dois ou individualmente e soma um bónus de 10% sobre a nota que tinhas anteriormente (desde que o trabalho esteja 'aceitável'). Por exemplo se com os teste estiveres com 15.6 com o bonús: 15.6 * 1.10 = 17.16.

Os testes são bemmmmmmm longos para o tempo (1h30). Mas em contrapartida a professora dá 30 minutos de tolerância extra (excepto na repescagem for some weird reason).

A parte má é que os apontamentos / slides, basicamente todo o material não é suficiente. Tem muito pouco de parte prática, tipo um exercício do ínicio ao fim feito, só mesmo indo às aulas é que se acompanha bem a matéria.

As práticas são utilizadas para resolução de fichas mas, pelo menos no ano remoto, entrávamos e a professora metia-nos logo em breakout rooms, normalmente duas, então estávamos todos um pouco perdido de como se resolvia os exercícios."
"76","Em termos de interesse do que é leccionado gostei mesmo bué, mas em termos de organização deixa um pouco a desejar, mas penso que presencial se adapte melhor.
Basicamente as teóricas andam relativamente rápido e funcionam em modo de capítulos em que em cada um aborda uma nova forma de representação de conhecimento e que resolve um ou mais dos problemas da forma abordada no capítulo anterior.
Os pontos maus é que as práticas é para tu e os outros alunos tentarem resolver exercícios with little to none exemplos práticos e o mesmo para o teste.
Em contrapartida podes apresentar um trabalho de tipo 15-20 minutos para subir a tua nota final por 10%.

TLDR: Se fores a quase todas as aulas e apresentares o trabalho para subir a nota acabas bem, senão pode-se complicar mas bastante interessante)"
"77","## 24/25

Só me inscrevi na cadeira pq precisava dela para completar a especialização e depois de feita sei o mesmo que sabia antes(e sinceramente nao tem grande relevancia para os dias de hoje).

Basicamente a cadeira começa com FOL e alguma lógica 'básica' dada na licenciatura, e as seguintes semanas é dar diferentes tipos de famílias que tentam representar o 'conhecimento' e inferir sobre o que se trata o conhecimento('raciocínio'). 
A avaliação tem duas partes 50/50:
  . 5 maps, feitos nos últimos 15/20 minutos da primeira aula prática da semana, sobre o que foi feito nas aulas práticas da semana anterior. Na última semana é possível repetir os maps que se quiser para melhorar as notas.
  . 1 Exame que se foca basicamente na teoria das famílias que se estudam em aula, pontos fortes e fracos, decorar uma teoria e espetar no exame, e há um exercicio prático sobre uma das familias não avaliadas nos maps(a stora diz qual é na ultima aula prática)

Nas aulas práticas vocês passam uma hora a tentar fazer um exercicio que nunca viram na vida e com pequenas dicas da stora, e só nos ultimos 30 minutos ela pede a alguem para o resolver e mostra a solução.
Não vale a pena pedirem por soluções dos exercicios, maps, ou de exames passados(nem mesmo pedir exames, foi um milagre ela ter posto 1 no fenix) porque segundo ela 'se vos der as soluções voces perdem o vosso espirito critico e nao sabem fazer um ligeiramente diferente'

Se quiserem uma cadeira só para encher creditos esta nem é má de todo, basta irem a todas as práticas e decorarem a matéria teorica(não são mais de 5 folhas de resumo).
Para o ano é a ultima vez que vai ser lecionada, pq (confirmem) em 26/27 vai ser fundida com PP."
"78","robos sociais é a melhor cadeira que podes ter, nao tem exame e os professor são incriveis e super prestaveis inclusive eu enviei um email no final a agradecer pela cadeira. Tens de escrever um paper sobre um tema que te dão mas é super giro pq são temas interessantes e tens vários à escolha e fornecem-te materiais para te guiares. Os labs sao qb inuteis mas são bons para obteres feedback do teu projeto e a stora ajuda-te a escolher qual o melhor caminho para nao fazer algo mt lixado nem muito fácil.
O projeto é super acessivel e é escolheres um dos robos disponiveis mas basicamente é saberes que robo escolher e dps fazeres a parte da interação humana mais engraçada e dinâmica possivel para te divertires um pouco. Unica critica: a entrega do projeto e durante a epoca de exames em janeiro mas tens mais que tempo para fazer. Cadeira 10/10"
"79","TL;DR não recomendo muito

epá. as teóricas não se aproveitou quase nada. Não haviam testes nem quizzes nem nada por isso só precisavas de uns conhecimentos mínimos dos slides para fazer alguns relatórios. No final, acho que para aí 5 pessoas incluindo o prof estavam no zoom; os labs não posso comentar porque eu não ia pois tinha uma outra aula na mesma altura; Finalmente, o projeto em si. Epá, eu curti minimamente mas isso fui eu. Aquilo foi mais chato do que outra coisa mas essencialmente era pegares num dos robôs disponíveis, fazeres uma interação e arranjares pessoal para a fazer é possível que o que eu esteja a dizer já não se ajuste ao novo formato mas pronto, foi a minha experiência."
"80","Hi, posso dar o meu feedback mas aviso que eu não gostei muito da cadeira e acho que é trap. As teóricas são pouco interessantes e o professor das teóricas é bastante chato (alguém pedia para não ligar a camâra nesse dia porque estava doente e ele continuava a aula toda a insistir, mandava-nos mails a perguntar porque é que não fomos a uma aula, dava aulas numa treadmill ahaha, queria user tests com 20 pessoas na pandemia). Para o projecto propões o que queres fazer baseado num paper de um conjunto que eles dão. Podes usar oculus quest, google cardboard que eles disponibilizam. Eles deram muito pouco apoio para o projeto e passear os oculus entre todos os membros do grupo é uma chatice. Isto é só a minha opinião, acho que se quiseres muito aprender a desenvolver coisas para vr vai em frente!  (há um novo stor responsável este ano as coisas podem mudar)"
"81","SEC é Sistemas de Elevada Confiabilidade dada pelo Miguel Matos, cool guy que ensina bem. A matéria é basicamente o filho de DAD com SIRS e se tiverem feito estas duas cadeiras têm na boa metade da teorica feita, vão basicamente abordar as falhas bizantinas que não falam de DAD. Para quem gostou de DAD e SIRS vai adorar SEC, e para mim é de longe a cadeira mais gira de SD. No entanto é tambem a mais desafiante e de longe a que da mais trabalho. No entanto recomendo altamente quem va fazer SD ou Ciber a fazer SEC pq é das materias mais importantes que vão dar. O projeto é um sistema distribuido super seguro, basicamente projeto de DAD com criptografia a mistura. Na teorica dao algoritmos bizantinos e alem disso um pouco de Hardware seguro, Smart Cards e Blockchain (o Matos faz investigação nisto por isso se estao interessados ele é o vosso go to). Overall da super trabalho mas acho que vale a pena, quem ja foi enrabado com DAD e SIRS aguenta SEC tmb lmao"
"82","Pos Mepp:
Aconselho fazer DAD e SIRS antes. Imo das melhores cadeiras a nível de conteúdo teórico (miguel matos dá aulas muito boas, Paolo romano também só tem o problema da barreira de linguagem). Exame é exigente mas se estudares/fores as aulas está chill.

Projeto bastante interessante mas também bastante exigente e extenso. Se não tiveres tempo de acabar e souberes o que farias na discussão sobe a nota which is nice."
"83","Eu diria que SIRS é das cadeiras mais importantes do mestrado, onde ensinam todas as bases de segurança (o que se dá em SD é muito lackluster to be honest), ainda é um pouco chocante como Machine Learning passou para licenciatura mas SIRS ficou em mestrado. A cadeira em geral é para o mais dificil, o projeto é bastante fixe porque podem escolher um de vários 'cenarios' mas é tambem dos mais complicados/trabalhosos. Os professores ensinam bem e a materia é overall interessante, os testes costumam ser complicados but then again é um pouco inerente do tema da cadeira. Overall acho que é das cadeiras que mais se aprende e das mais uteis também.

---
Projeto:

Há N temas que se ordena por ordem de preferência:
Metade dos temas ou perto disso incluem fazer uma aplicação (o meu grupo tinha, mas os meus colegas sacrificaram-se por mim), o @Daniel 'Raminhos' Matos trabalhou na App e depois teve CMU, onde já sabia montes de tralha que teve que aprender em SIRS para poder fazer a App
Ignorando isso, o projeto resume-se a:
- Inventa e implementa um protoclo de comunicação com building blocks criptográficos
- Utiliza TLS desde que tenhas cumprido o passo 1
- Isto tudo numa arquitetura cliente servidor

E é isso que me chateia, eles inventam os temas para tentar diferenciar e tentar que se aprenda coisas diferentes com as apresentações dos outros grupos, mas na realidade vai dar tudo ao mesmo e tens metade do 'curso' a perder a vontade de viver com Mobile só porque o Pardal acha giro ver uma App num telemóvel"
"84","Pos Mepp:
Das cadeiras mais 'realistas' que fiz. Foi dos projetos mais interessantes que fiz mas deu um porra de trabalho. Foram 3 semanas para fazer e no enunciado dizia que era esperado 48 semanais de cada elemento. Consoante a tua escolha do tema há projetos mais ou menos extensos. O que quer que faças a discussão é uma apresentação onde os professores tentam destruir tudo o que tu dizes e decisões que tomaste (mesmo para destabilizar) e a tua nota depende do quanto te aguentas e sabes o que o teu sistema garante ou não).

O exame é decorar as aulas teoricas. Pormenores de porcaria e etc.

Pior parte é o projeto valer apenas 40% e dar imenso trabalho."
"85","SSof o semestre passado foi primeira parte aprender vulnerabilidades e dar exploit delas (SQLi, XSS, Race Conditions, Buffer Overflow...) com o Pedro Adão, se curtires disso então é muito interessante. A segunda parte da matéria (a meio do semestre) é estudar information flow policies (e.g. perl taint mode) e outros mecanismos desses (e.g. dynamic flow analysis em javascript) o semestre passado para o projeto da 2ª parte tivemos que realizar uma tool que dado um conjunto de inputs (sources,sinks,vulnerabilities) tinhamos que detetar se ia haver vulnerabilidade ou não, é um context switch completo comparado a primeira parte da matéria visto que é basicamente estudar conceitos como anotação WHILE, big step semantics, small step semantics, symbolic execution... e não actually dar exploit de nada. Se curtires de segurança informática então é um must na minha opinião independentemente da 2ª parte da matéria ser kinda mehh. I would say 4.5 baits out of 10"
"86","Pos Mepp:
Numa semana tinhas uma aula teorica de lbs e uma de vssd e igual para labs. OU seja, tinhas duas cadeiras completamente diferentes ao mm tempo.

Ana Matos torna lbs doloroso.
Pupo deu teoricas vssd (não foi bom nem mau foi meh)
labs vssd é tipo ctf com scoreboard foi a unica parte que gostei.
labs lbs é exercicos tipo exame.

exame parte de lbs é igual aos labs, parte de vssd é decorar slides."
"87","Cadeira com pouca carga horária. Esta cadeira, feita com malta de biomédica, baseia-se muito em senso comum. Tirando algumas perguntas de labs (em que fazem-se pequenos cálculos/pequenos exercício de bases de dados ligados a dados biomédicos) esta cadeira não tem matéria prática. 90% é teórica. A avaliação é feita em 5 homeworks (individuais, que consistem em responder a respostas abertas sobre um certo tema) que se fazem rapidamente + 1 exame teórico. A matéria em si aborda o funcionamento das tecnologias de informação na saúde (bases de dados, sistemas de apoio à decisão, processamento de dados textuais, nomenclaturas e normalizações de informação, um pouco de bioinformática, ética na privacidade de dados, saúde pública, etc).
Nesta cadeira não se aprende muito, maioria dos temas são muito simples e, se pensarmos um pouco, conseguimos desenvolvê-los (com conhecimento e cultura geral). O exame é semelhante aos homeworks: pergunta abertas em que não é preciso pensar assim tanto. O melhor desta cadeira é são as "field trips": este ano (covid) fomos ao hospital da luz. No ano passado foram a mais sítios (fundação Champalimaud, …). Estas field trips são realmente interessantes e divertidas, para além de ser um ponto de contacto com o mundo real. As aulas teóricas são boring, há 3 docentes que vão rodando ao longo das teóricas. Mas é uma cadeira que se faz perfeitamente a ler os slides.
Resumindo: boa cadeira para quem tem interesse na área ou não se quer esforçar muito (mas para estes pode vir a ser too boring)."
"88","Para o pessoal de Engenharia de Software, TVS (Teste e Validação de Software) acho que é uma cadeira fixe que como pessoal de ES é bastante recomendado fazerem, also para o delegado acho que deviam contactar o homem porque na cadeira de TVS o homem esta um pouco baralho sobre a cadeira que esta a avaliar lmao. Nevertheless quem esta a fazer ES ja devia saber que ia ter de fazer esta por isso nada de novo"
"89","[Daniel Gonçalves](https://github.com/masterzeus05):

Eu tenho bastante interesse em dados e em visualização de dados, e este cadeira é focada nesses temas, portanto eu estou um bocado biased.

Em termos de avaliação, a cadeira é só avaliação contínua, tens Homeworks e tens Projeto.

Os Homeworks são trabalhos de 2 em 2 semanas (se não estou em erro) e basicamente aplicas a teórica. Um deles é resumir um Paper por exemplo, outro era inventares uma forma de visualização para um tema à tua escolha, não é nada de muito complicado e é divertido.

O Projeto consiste numa web app, em javascript, que vai conter várias visualizações que todas juntas apresentam um tema à tua escolha, p.e., o nosso era Acidentes Rodoviários no Reino Unido, e tínhamos um mapa com a quantidade de acidentes, uma pirâmide de população com o número de acidentes por idade/sexo, entre outros.

No semestre passado usamos, para os gráficos, D3.js, que se deve manter. Os laboratórios servem, inicialmente, para explicar como é que se usa o PDI (Kettle) e o D3.js, e daí para a frente, servem para apresentações dos checkpoints do projeto.

O objetivo do projeto é responder a uma série de questões de poderão surgir ao pensares no tema. Este projeto tem 5 checkpoints, o primeiro serve para apresentares a tua ideia de visualização, assim como as perguntas que queres responder; o seguinte é para mostrares os dados que vais buscar; depois fazes um desenho da visualização toda que vais implementar; depois tens um protótipo e por fim um relatório final com a entrega. Todos os checkpoints (exceto o último) permitem-te melhorar a nota do anterior, ou seja, no Checkpoint 2 podes reentregar o Checkpoint 1 e subires a nota. Em cada checkpoint, tens de fazer uma apresentação sobre o próprio, que não podem ser muito longas, acho que eram por volta dos 5 minutos? (estas apresentações também contam para a nota)

Mais algumas notas: Não sei como foi em anos anteriores, mas neste o professor lançava vídeos nos dias anteriores à aula, e depois durante a aula discutia-se melhor o tema e tiravam-se dúvidas

Overall: aconselho imenso esta cadeira para quem gosta de gráficos, mexer em dados, etc. Em termos de carga, é média, exceto o projeto, que pode ir um bocado além, 
devido à possível complexidade do projeto e às apresentações todas."
"90","23/24

VI este ano funcionou com um modelo de aula invertida, em que vias vídeos em casa feitos pelo Daniel Gonçalves (professor, não o de cima) e depois na aula teórica havia um modelo mais interativo (com polls e cenas interativas em que tinhas que desenhar visualizações e afins) e um quiz por semana por escrito e com perguntas abertas (não eram particularmente fáceis, mas como não contavam todos acabava por beneficiar à mesma). Achei o modelo de aula invertida um pouco parvo porque depois as aulas em si não tinham muito conteúdo nem estavam tão bem dadas, e acabei por ir só àquelas que tinham avaliação. Em termos de matéria, é bastante interessante e como tem elementos interativos e visuais acaba por ser intuitivo de compreender, ainda que alguns dos princípios de que falem sejam um bocado arbitrários. É só aceitar. Ainda assim, acho que dá um conjunto de skills e intuições muito úteis e que complementam bem praticamente qualquer outra área.

O projeto foi o foco da cadeira, e parece-me que a experiência com o projeto vá ser muito variável dependendo de vários fatores. Consistia em fazer um dashboard em D3js com várias visualizações interativas sobre um mesmo conjunto de dados. A ideia era que por exemplo pudesses ter um mapa com valores por país, e ao dar hover num país dava highlight de uma barra ou círculo correspondendo ao mesmo país numa outra visualização, de forma interligada. Havia 4 checkpoints de entrega (proposta, tratamento de dados, storyboard, protótipo em código) e uma entrega final com tudo feito, e dava para melhorar a nota dos checkpoints. Para além disso havia homeworks para os laboratórios, com o intuito de que fosses aprendendo d3js para não ser só para o checkpoint 4 e entrega final. 

É uma cadeira que exige trabalho constante a todos os níveis durante o período, mas que não tem exame. Aconselho a terem uma ideia mais ou menos definida de um dataset ou domínio interessante para explorar, porque senão terão que seguir as sugestões deles que não são muito inspiradoras. Para além disso, na primeira semana comecem logo a ver os exemplos que eles têm no moodle de visualizações de outros anos para saber o que é possível. Sinto que com um bom dataset (dados numéricos, categóricos, geográficos, etc. com poucas entradas em falta) o projeto faz-se bem, mas se tiverem um que seja muito linear ou incompleto a coisa poderá correr mal, porque têm que dar lock down disso quase na primeira semana e se escolherem mal estarão a fazer uma omelete sem ovos durante o resto da cadeira. Tivémos dores de cabeça a processar os dados porque fizémos 'join' de vários datasets separados e havia incompatibilidades chatas. Aconselho também a escolherem um turno de laboratório com um bom professor (Tomás Alves) ou professora, porque é ele/ela que avalia os checkpoints e os homeworks e esclarece as dúvidas todas. 

Não é muito difícil tirar uma nota razoável (16+), porque dá para melhorar os checkpoints e eles não corrigem de forma muito severa. 

Tl;dr Boa cadeira, interessante mesmo para quem só tenha um interesse geral por gráficos e visualização, mas pode dar algum trabalho se não tiverem o projeto bem encaminhado desde o início"